{
  "schema": "1.0",
  "type": "whmcs-gateways",
  "name": "paygatedottohosted",
  "license": "proprietary",
  "category": "payments",
  "description": {
    "name": "paygatedottohosted",
    "tagline": "Credit Cards - Debit Cards - SEPA Bank Transfer Hosted Mode (paygate.to)",
    "long": "Instant approval High Risk Merchant Gateway with instant payouts to your USDC Polygon wallet. Multi-Providers credit card hosted payment gateway with automatic customer geo location detection for highest conversion and maximum security.",
    "features": [
      "Accept all major credit and debit cards including Visa and Mastercard directly on your site",
      "Instant Approval",
      "Instant payouts to your USDC Polygon wallet",
      "ZERO Chargebacks all payments are final."
    ]
  },
  "logo": {
    "filename": "paygatedottohosted.png"
  },
  "support": {
    "homepage": "https:\/\/paygate.to\/",
    "docs_url": "https:\/\/paygate.to\/"
  },
  "authors": [
    {
      "name": "PayGate.to",
      "homepage": "https:\/\/paygate.to\/"
    }
  ]
}
