{
  "schema": "1.0",
  "type": "whmcs-gateways",
  "name": "bitnovo",
  "license": "proprietary",
  "category": "payments",
  "description": {
    "name": "bitnovo",
    "tagline": "Instant Approval High Risk Merchant Gateway (bitnovo.com)",
    "long": "Instant approval High Risk Merchant Gateway with instant payouts to your USDC Polygon wallet using bitnovo.com infrastructure",
    "features": [
      "Accept all major credit and debit cards including Visa and Mastercard directly on your site",
      "Instant Approval",
      "Instant payouts to your USDC Polygon wallet",
      "ZERO Chargebacks all payments are final."
    ]
  },
  "logo": {
    "filename": "bitnovo.png"
  },
  "support": {
    "homepage": "https:\/\/paygate.to\/",
    "docs_url": "https:\/\/paygate.to\/"
  },
  "authors": [
    {
      "name": "PayGate.to",
      "homepage": "https:\/\/paygate.to\/"
    }
  ]
}
